[
  {
    "id": 1,
    "name": "Waters"
  },
  {
    "id": 2,
    "name": "Frisdranken"
  },
  {
    "id": 3,
    "name": "Sportdranken"
  },
  {
    "id": 4,
    "name": "Warme dranken"
  },
  {
    "id": 5,
    "name": "Bieren van het vat"
  },
  {
    "id": 6,
    "name": "Alcoholvrij"
  },
  {
    "id": 7,
    "name": "Bieren van de fles"
  },
  {
    "id": 8,
    "name": "Wijnen"
  },
  {
    "id": 9,
    "name": "Aperitieven"
  },
  {
    "id": 10,
    "name": "Longdrinks"
  },
  {
    "id": 11,
    "name": "Sterke dranken"
  },
  {
    "id": 12,
    "name": "Gin tonic"
  },
  {
    "id": 13,
    "name": "Cocktails"
  }
]