[
  {
    "id": 1,
    "category": 1,
    "name": "Spa bruisend 20cl",
    "price": 2.00,
    "description": ""
  },
  {
    "id": 2,
    "category": 1,
    "name": "Spa niet bruisend 20cl",
    "price": 2.00,
    "description": ""
  },
  {
    "id": 3,
    "category": 1,
    "name": "Spa bruisend 50cl",
    "price": 3.20,
    "description": ""
  },
  {
    "id": 4,
    "category": 1,
    "name": "Spa niet bruisend 50cl",
    "price": 3.20,
    "description": ""
  },
  {
    "id": 5,
    "category": 1,
    "name": "Bru",
    "price": 2.60,
    "description": ""
  },
  {
    "id": 6,
    "category": 1,
    "name": "Grote fles water bruisend",
    "price": 6.00,
    "description": ""
  },
  {
    "id": 7,
    "category": 1,
    "name": "Grote fles water niet bruisend",
    "price": 6.00,
    "description": ""
  },
  {
    "id": 8,
    "category": 2,
    "name": "Coca-Cola",
    "price": 2.00,
    "description": ""
  },
  {
    "id": 9,
    "category": 2,
    "name": "Coca-Cola light",
    "price": 2.00,
    "description": ""
  },
  {
    "id": 10,
    "category": 2,
    "name": "Coca-Cola zero",
    "price": 2.00,
    "description": ""
  },
  {
    "id": 34,
    "category": 3,
    "name": "Aquarius lemon",
    "price": 2.50,
    "description": ""
  },
  {
    "id": 37,
    "category": 4,
    "name": "Espresso",
    "price": 2.20,
    "description": ""
  },
  {
    "id": 45,
    "category": 4,
    "name": "Thee",
    "price": 2.20,
    "description": "green, munt, kamille, fruit, rozenbottel, natuur, citroen"
  },
  {
    "id": 52,
    "category": 5,
    "name": "Jupiler 25 cl",
    "price": 2.00,
    "description": ""
  },
  {
    "id": 66,
    "category": 6,
    "name": "Jupiler alcoholvrij (0,0 %)",
    "price": 2.20,
    "description": ""
  },
  {
    "id": 72,
    "category": 7,
    "name": "Hoegaarden rosé (3 %)",
    "price": 2.70,
    "description": ""
  },
  {
    "id": 87,
    "category": 8,
    "name": "Glas witte huiswijn",
    "price": 3.60,
    "description": ""
  },
  {
    "id": 88,
    "category": 8,
    "name": "Glas rode huiswijn",
    "price": 3.60,
    "description": ""
  },
  {
    "id": 89,
    "category": 8,
    "name": "Glas rosé huiswijn",
    "price": 3.60,
    "description": ""
  },
  {
    "id": 108,
    "category": 9,
    "name": "Kirr",
    "price": 5.00,
    "description": ""
  },
  {
    "id": 121,
    "category": 10,
    "name": "Pisang",
    "price": 6.90,
    "description": ""
  },
  {
    "id": 132,
    "category": 11,
    "name": "Cognac",
    "price": 4.00,
    "description": ""
  },
  {
    "id": 139,
    "category": 12,
    "name": "Bombay Sapphire - Nordic Mist",
    "price": 10.50,
    "description": "garnituur: limoen (droog)"
  },
  {
    "id": 145,
    "category": 13,
    "name": "Mojito",
    "price": 8.50,
    "description": "rietsuiker, limoen, munt, Bacardi"
  }
]